{
    "name": "coffee_maker",
    "environment": {
        "sun_dir": [
            0.0,
            -1.0,
            0.0
        ],
        "sun_col": [
            0.0,
            0.0,
            0.0
        ],
        "sun_angle": 0.1,
        "env_col": [
            0.0,
            0.0,
            0.0
        ]
    },
    "camera": {
        "view_origin": [
            8.133967277501597e-09,
            0.15929299592971802,
            1.0386041402816772
        ],
        "view_rot": [
            89.999995674289,
            1.142027323961535e-16,
            -0.0
        ],
        "fov": 24.085198740020292,
        "view_transform": "standard",
        "filter": "blackman-harris",
        "filter_width": 1.0,
        "gamma": 1.0,
        "min_exposure": 0.0,
        "max_exposure": 0.0,
        "fwd_speed": 0.05
    },
    "objects": [
        {
            "transform": {
                "pos": [
                    0.0,
                    0.0,
                    -3.725290298461914e-09
                ],
                "rot": [
                    -0.0,
                    0.0,
                    -0.0
                ]
            },
            "drawable": {
                "mesh_file": "coffee_maker/Plane_008.gltf"
            },
            "acc_structure": {
                "mesh_file": "coffee_maker/Plane_008.gltf"
            }
        },
        {
            "transform": {
                "pos": [
                    -0.27792298793792725,
                    0.22527100145816803,
                    0.16372400522232056
                ],
                "rot": [
                    37.00200341341048,
                    0.0,
                    90.00000933466734
                ]
            },
            "light": {
                "type": "rectangle",
                "color": [
                    1.0,
                    1.0,
                    1.0
                ],
                "power": 1.9354153871536255,
                "width": 0.44884398579597473,
                "height": 0.38499999046325684,
                "cull_radius": 10.0,
                "cast_shadow": true
            }
        },
        {
            "transform": {
                "pos": [
                    -0.34053000807762146,
                    0.20987699925899506,
                    -0.37852999567985535
                ],
                "rot": [
                    -35.72579281227735,
                    -8.18513151942016e-07,
                    89.999995674289
                ]
            },
            "light": {
                "type": "rectangle",
                "color": [
                    1.0,
                    1.0,
                    1.0
                ],
                "power": 0.15163201093673706,
                "width": 0.39000004529953003,
                "height": 0.16200000047683716,
                "cull_radius": 10.0,
                "cast_shadow": true,
                "affect_diffuse": false
            }
        },
        {
            "transform": {
                "pos": [
                    0.26496800780296326,
                    0.20987699925899506,
                    -0.3786349892616272
                ],
                "rot": [
                    -175.37099456314192,
                    -8.877111315914327e-08,
                    89.99998201391065
                ]
            },
            "light": {
                "type": "rectangle",
                "color": [
                    1.0,
                    1.0,
                    1.0
                ],
                "power": 0.15163201093673706,
                "width": 0.39000004529953003,
                "height": 0.16200000047683716,
                "cull_radius": 10.0,
                "cast_shadow": true,
                "affect_diffuse": false
            }
        },
        {
            "transform": {
                "pos": [
                    1.500622404115859e-09,
                    0.0034209999721497297,
                    -3.218094901669133e-09
                ],
                "rot": [
                    0.0,
                    -25.000003541600535,
                    -0.0
                ],
                "scale": [
                    0.9999999403953552,
                    1.0,
                    0.9999999403953552
                ]
            },
            "drawable": {
                "mesh_file": "coffee_maker/Circle_001.gltf"
            },
            "acc_structure": {
                "mesh_file": "coffee_maker/Circle_001.gltf"
            }
        },
        {
            "transform": {
                "pos": [
                    0.3229469954967499,
                    0.25176000595092773,
                    0.04627799987792969
                ],
                "rot": [
                    0.7130871172749638,
                    0.0,
                    -90.00000250447816
                ]
            },
            "light": {
                "type": "rectangle",
                "color": [
                    1.0,
                    1.0,
                    1.0
                ],
                "power": 0.524249792098999,
                "width": 0.44884398579597473,
                "height": 0.36500000953674316,
                "cull_radius": 10.0,
                "cast_shadow": true
            }
        },
        {
            "transform": {
                "pos": [
                    0.0,
                    0.503849983215332,
                    0.03724399954080582
                ],
                "rot": [
                    -0.0,
                    0.0,
                    -0.0
                ]
            },
            "light": {
                "type": "rectangle",
                "color": [
                    1.0,
                    1.0,
                    1.0
                ],
                "power": 1.015679955482483,
                "width": 0.46000000834465027,
                "height": 0.46000000834465027,
                "cull_radius": 10.0,
                "cast_shadow": true
            }
        }
    ]
}