{
    "info" : {
        "resolution" : 512, 
        "format" : "RGBM"
    }, 
    "probes" : [
        {
            "sh_coeffs" : [
                [
                    0.0781441, 
                    0.0606468, 
                    0.0511469
                ], 
                [
                    0.0165126, 
                    0.0162947, 
                    0.0153939
                ], 
                [
                    0.00798854, 
                    0.0105912, 
                    0.0113088
                ], 
                [
                    -0.007148, 
                    -0.00742796, 
                    -0.00627798
                ]
            ], 
            "faces" : [
                "living_room_gumroad0_0.img", 
                "living_room_gumroad0_1.img", 
                "living_room_gumroad0_2.img", 
                "living_room_gumroad0_3.img", 
                "living_room_gumroad0_4.img", 
                "living_room_gumroad0_5.img"
            ]
        }, 
        {
            "sh_coeffs" : [
                [
                    0.05987, 
                    0.0405727, 
                    0.0311633
                ], 
                [
                    -0.00236736, 
                    0.00322857, 
                    0.00498098
                ], 
                [
                    0.00843315, 
                    0.00366429, 
                    0.000885484
                ], 
                [
                    0.025731, 
                    0.0200193, 
                    0.0157529
                ]
            ], 
            "faces" : [
                "living_room_gumroad1_0.img", 
                "living_room_gumroad1_1.img", 
                "living_room_gumroad1_2.img", 
                "living_room_gumroad1_3.img", 
                "living_room_gumroad1_4.img", 
                "living_room_gumroad1_5.img"
            ]
        }, 
        {
            "sh_coeffs" : [
                [
                    0.0600049, 
                    0.0474325, 
                    0.0435661
                ], 
                [
                    0.0101327, 
                    0.010376, 
                    0.00975956
                ], 
                [
                    0.00763802, 
                    0.00698499, 
                    0.00656246
                ], 
                [
                    0.0378758, 
                    0.0350142, 
                    0.0338429
                ]
            ], 
            "faces" : [
                "living_room_gumroad2_0.img", 
                "living_room_gumroad2_1.img", 
                "living_room_gumroad2_2.img", 
                "living_room_gumroad2_3.img", 
                "living_room_gumroad2_4.img", 
                "living_room_gumroad2_5.img"
            ]
        }
    ]
}